,precision,recall,f1-score,support
1,0.8618421052631579,0.8076448828606658,0.8338637810311903,811.0
2,0.6730987514188422,0.724053724053724,0.6976470588235294,819.0
3,0.6861768368617683,0.6836228287841191,0.6848974518334369,806.0
4,0.8609022556390977,0.8523573200992556,0.8566084788029925,806.0
accuracy,0.7668106107341147,0.7668106107341147,0.7668106107341147,0.7668106107341147
macro avg,0.7705049872957166,0.7669196889494411,0.7682541926227873,3242.0
weighted avg,0.7702552662973938,0.7668106107341147,0.7680722540671586,3242.0
