,precision,recall,f1-score,support
1,0.8577023498694517,0.8101109741060419,0.8332276474318326,811.0
2,0.6783691959229898,0.7313797313797313,0.7038777908343126,819.0
3,0.6958698372966208,0.6898263027295285,0.6928348909657321,806.0
4,0.8664987405541562,0.8535980148883374,0.86,806.0
accuracy,0.7711289327575571,0.7711289327575571,0.7711289327575571,0.7711289327575571
macro avg,0.7746100309108047,0.7712287557759099,0.7724850823079693,3242.0
weighted avg,0.7743522674129488,0.7711289327575571,0.7723036566560452,3242.0
