,precision,recall,f1-score,support
1,0.859375,0.813810110974106,0.8359721342621913,811.0
2,0.6749716874292185,0.7277167277167277,0.700352526439483,819.0
3,0.6916243654822335,0.6761786600496278,0.6838143036386449,806.0
4,0.863013698630137,0.8598014888337469,0.8614045991298943,806.0
accuracy,0.7692782233189389,0.7692782233189389,0.7692782233189389,0.7692782233189389
macro avg,0.7722461878853972,0.7693767468935522,0.7703858908675534,3242.0
weighted avg,0.7719905048362432,0.7692782233189389,0.7702062170487404,3242.0
