,precision,recall,f1-score,support
1,0.8560311284046692,0.813810110974106,0.8343868520859671,811.0
2,0.6731651376146789,0.7167277167277167,0.6942637492607925,819.0
3,0.6923076923076923,0.6811414392059554,0.6866791744840526,806.0
4,0.8622828784119106,0.8622828784119106,0.8622828784119106,806.0
accuracy,0.7683528685996298,0.7683528685996298,0.7683528685996298,0.7683528685996298
macro avg,0.7709467091847377,0.7684905363299223,0.7694031635606807,3242.0
weighted avg,0.770685839865086,0.7683528685996298,0.7692020858483821,3242.0
